GeneID,Gene.type,Base.mean,log2(FC),StdErr,Wald-Stats,P-value,P-adj,significance
GNG13,protein_coding,53318.7661,12.63870061,1.007425915,12.54553851,4.21E-36,6.12E-35,sig
LY6G6F,protein_coding,373.5801461,12.39389176,0.762821815,16.24742702,2.33E-59,9.14E-58,sig
SOX8,protein_coding,125407.3571,12.20719999,0.89353049,13.66176099,1.72E-42,3.26E-41,sig
PDIA2,protein_coding,93112.38136,11.91300059,1.033391023,11.52806665,9.53E-31,1.05E-29,sig
NHLRC4,protein_coding,123820.0359,11.67468478,0.648924148,17.99083114,2.3E-72,1.56E-70,sig
HBQ1,protein_coding,33882.83821,10.98135952,0.942292009,11.65388162,2.19E-31,2.51E-30,sig
CABP5,protein_coding,97.31304066,10.78666809,0.716495078,15.05476928,3.21E-51,9.13E-50,sig
RGS11,protein_coding,103572.0532,10.59250834,1.086436092,9.749775815,1.85E-22,1.31E-21,sig
HBE1,protein_coding,969.4658303,10.52474053,1.342736046,7.838279581,4.57E-15,2.07E-14,sig
WFIKKN1,protein_coding,116698.4799,10.51158427,0.710792421,14.78854299,1.74E-49,4.54E-48,sig
HBZ,protein_coding,1227.843994,10.10206031,1.215713645,8.309572197,9.6E-17,4.84E-16,sig
CCDC78,protein_coding,93143.9223,10.07623251,0.668346841,15.07635242,2.32E-51,6.6E-50,sig
HBA1,protein_coding,9148909.618,9.993926303,0.923757871,10.81877256,2.81E-27,2.59E-26,sig
TCL1B,protein_coding,54.52682236,9.849361445,0.895006906,11.0047882,3.62E-28,3.51E-27,sig
RHBDL1,protein_coding,95084.85171,9.745094677,0.669394766,14.55806824,5.19E-48,1.27E-46,sig
EPB42,protein_coding,2473.580623,9.732252533,1.054324347,9.230795587,2.69E-20,1.69E-19,sig
HBM,protein_coding,6033.181739,9.62308426,1.142113349,8.425682323,3.59E-17,1.86E-16,sig
BEND2,protein_coding,192.7397852,9.492689011,0.668370206,14.20274112,8.81E-46,1.94E-44,sig
HBA2,protein_coding,7195717.513,9.449164253,0.923115961,10.23616171,1.37E-24,1.08E-23,sig
GP1BB,protein_coding,1740.226563,9.407715006,0.711085617,13.23007354,5.88E-40,1E-38,sig
HBD,protein_coding,133151.0106,9.242014559,1.093936794,8.448399035,2.95E-17,1.54E-16,sig
HBB,protein_coding,12315758.69,9.236103315,0.90663322,10.18725446,2.26E-24,1.78E-23,sig
GP6,protein_coding,220.8895855,9.168325629,0.846201611,10.83468231,2.36E-27,2.18E-26,sig
PHOSPHO1,protein_coding,53902.52581,9.128711641,0.545238087,16.74261548,6.41E-63,2.9E-61,sig
SLC4A1,protein_coding,12921.11714,9.084468792,1.191034691,7.627375474,2.4E-14,1.04E-13,sig
MMP25,protein_coding,182807.3313,9.024988453,0.407187821,22.16419053,7.61E-109,2.06E-106,sig
ALAS2,protein_coding,44302.65907,8.99591533,1.021076619,8.810225564,1.25E-18,7.1E-18,sig
LMF1,protein_coding,136559.5495,8.947221351,0.814494095,10.98500456,4.51E-28,4.35E-27,sig
HBG1,protein_coding,23201.52697,8.927463988,1.200553247,7.436124981,1.04E-13,4.3E-13,sig
HAGHL,protein_coding,103445.6727,8.89024474,0.60479547,14.69958883,6.49E-49,1.65E-47,sig
FBXL16,protein_coding,210036.007,8.816982951,0.631313335,13.96609649,2.51E-44,5.17E-43,sig
TUBB1,protein_coding,8912.422541,8.812404037,0.471127987,18.70490458,4.52E-78,3.77E-76,sig
LINGO3,protein_coding,7714.656952,8.793123524,0.36026856,24.40713543,1.44E-131,7.86E-129,sig
METRN,protein_coding,197285.568,8.56594396,0.615261917,13.92243486,4.63E-44,9.41E-43,sig
GP9,protein_coding,1099.401204,8.46964189,0.946512073,8.948266091,3.61E-19,2.12E-18,sig
SCRT2,protein_coding,79.01907464,8.467087327,0.805647529,10.5096671,7.8E-26,6.67E-25,sig
KLF2,protein_coding,174242.4792,8.15639976,0.350305442,23.28367984,6.49E-120,2.46E-117,sig
RXFP2,protein_coding,15.00708885,8.125968762,0.755528046,10.75535026,5.59E-27,5.09E-26,sig
TSPAN16,protein_coding,104.901396,8.120959425,0.746835623,10.87382441,1.54E-27,1.44E-26,sig
PGLYRP1,protein_coding,1614.159502,8.08597492,0.633539353,12.76317703,2.63E-37,4E-36,sig
KIR2DS1,protein_coding,18.74098104,8.083095635,1.248565027,6.473908416,9.55E-11,3.23E-10,sig
NLRP12,protein_coding,6849.243621,7.993427117,0.533907575,14.97155592,1.13E-50,3.11E-49,sig
WDR24,protein_coding,193774.5185,7.980498951,0.555637608,14.36277682,8.86E-47,2.04E-45,sig
NLRP6,protein_coding,6132.195186,7.951287607,0.458417877,17.34506442,2.15E-67,1.18E-65,sig
PADI4,protein_coding,4758.685564,7.91116117,0.542329998,14.58735677,3.38E-48,8.36E-47,sig
OLIG2,protein_coding,183.2327833,7.892347942,0.773046372,10.20941075,1.8E-24,1.42E-23,sig
UBQLNL,protein_coding,2523.277228,7.881009401,0.858074242,9.184530909,4.13E-20,2.57E-19,sig
PRSS57,protein_coding,202.6484965,7.873461527,0.856340356,9.194313304,3.77E-20,2.35E-19,sig
WNT3,protein_coding,18.34003447,7.855392866,1.441153962,5.450765895,5.02E-08,0.000000139,sig
OR2W3,protein_coding,1681.610677,7.849106258,0.860116877,9.125627541,7.13E-20,4.37E-19,sig
ODF3,protein_coding,13.88046394,7.788792192,0.682978676,11.40415135,3.99E-30,4.27E-29,sig
KIR3DX1,protein_coding,72.71067351,7.786415989,0.965657614,8.06332998,7.42E-16,3.55E-15,sig
NIBAN3,protein_coding,4281.971674,7.755902913,0.633117097,12.25034508,1.67E-34,2.25E-33,sig
CD300LD,protein_coding,120.9576397,7.751780789,0.906649043,8.549924414,1.23E-17,6.58E-17,sig
NFE2,protein_coding,16731.37348,7.715890307,0.512838772,15.04545041,3.7E-51,1.05E-49,sig
PF4,protein_coding,2718.095177,7.700501288,0.883912487,8.711836747,2.99E-18,1.67E-17,sig
RAX2,protein_coding,10.90982166,7.697305296,0.723813668,10.63437406,2.06E-26,1.82E-25,sig
NCR1,protein_coding,453.3963258,7.691231508,0.458121601,16.78862442,2.96E-63,1.35E-61,sig
MYL4,protein_coding,2005.072754,7.681144465,0.567863952,13.52638151,1.09E-41,2.02E-40,sig
FCER2,protein_coding,1621.045456,7.644734225,0.676909291,11.29358738,1.41E-29,1.48E-28,sig
OLIG1,protein_coding,1484.299544,7.578078223,0.581658823,13.02839039,8.44E-39,1.36E-37,sig
GRIFIN,protein_coding,10.14034687,7.564649203,0.747650039,10.11790116,4.6E-24,3.55E-23,sig
H3Y2,protein_coding,14.2744202,7.559533508,0.73737746,10.25191834,1.16E-24,9.26E-24,sig
GATA1,protein_coding,1455.122164,7.54687975,0.638350456,11.822471,2.99E-32,3.59E-31,sig
UTF1,protein_coding,89.88241908,7.533494936,0.778682532,9.674667948,3.86E-22,2.68E-21,sig
RAB11FIP3,protein_coding,303079.8958,7.492149429,0.562128437,13.32818078,1.59E-40,2.8E-39,sig
SEBOX,protein_coding,14.01400396,7.46082882,0.848506048,8.792899993,1.46E-18,8.26E-18,sig
NRGN,protein_coding,32561.8987,7.453659568,0.304172731,24.50469356,1.32E-132,8.11E-130,sig
RHOXF2,protein_coding,9.150251874,7.420786241,0.723705551,10.25387497,1.14E-24,9.09E-24,sig
FOLR3,protein_coding,3668.13091,7.420069025,0.848094774,8.749103578,2.15E-18,1.21E-17,sig
KLF1,protein_coding,1002.111988,7.39934548,0.500224976,14.79203526,1.65E-49,4.33E-48,sig
IFIT1B,protein_coding,430.8203717,7.384507099,0.887383993,8.321659121,8.67E-17,4.39E-16,sig
DECR2,protein_coding,92332.21045,7.307055576,0.574321934,12.72292618,4.41E-37,6.65E-36,sig
FGFBP2,protein_coding,3176.647727,7.305106774,0.551891609,13.2364882,5.4E-40,9.24E-39,sig
TNFRSF10C,protein_coding,38963.29837,7.302804587,0.594915865,12.27535692,1.23E-34,1.67E-33,sig
WDR90,protein_coding,329890.1045,7.281483681,0.573823455,12.68941452,6.77E-37,1.01E-35,sig
CSF3R,protein_coding,218658.358,7.23550708,0.544803086,13.28095832,2.99E-40,5.19E-39,sig
TCL1A,protein_coding,1751.763305,7.232124208,0.636941062,11.35446375,7.05E-30,7.49E-29,sig
OSCAR,protein_coding,7360.142671,7.21570802,0.380214735,18.97798102,2.59E-80,2.5E-78,sig
SAP25,protein_coding,28084.32306,7.186109104,0.333783007,21.52928385,8.28E-103,1.79E-100,sig
TRIM64B,protein_coding,9.813673993,7.169227737,1.287080736,5.570146097,2.55E-08,7.23E-08,sig
C11orf21,protein_coding,11940.95634,7.156970107,0.369860708,19.3504472,2.02E-83,2.15E-81,sig
LUC7L,protein_coding,190659.2722,7.154201286,0.55343389,12.92693024,3.17E-38,4.99E-37,sig
CFP,protein_coding,15574.43978,7.148087531,0.41914237,17.05408007,3.26E-65,1.64E-63,sig
ANTKMT,protein_coding,53109.19576,7.135918333,0.51031462,13.98337037,1.97E-44,4.08E-43,sig
GFI1B,protein_coding,1104.378903,7.105018302,0.574699544,12.36301363,4.14E-35,5.77E-34,sig
CMTM5,protein_coding,592.5295349,7.064141002,0.641922148,11.00466937,3.63E-28,3.51E-27,sig
DPEP2,protein_coding,15739.02527,7.056789188,0.369263139,19.11046202,2.07E-81,2.06E-79,sig
GLT1D1,protein_coding,8416.050344,7.043864083,0.500474428,14.0743736,5.46E-45,1.17E-43,sig
CXCR1,protein_coding,36826.27412,7.03274902,0.614720854,11.44055708,2.62E-30,2.84E-29,sig
GYPB,protein_coding,66.07787284,7.012021632,1.183699948,5.923816795,3.15E-09,9.58E-09,sig
RPH3A,protein_coding,378.5336134,6.950201977,0.498681058,13.93716858,3.77E-44,7.69E-43,sig
LILRA2,protein_coding,12536.03783,6.946924834,0.494648698,14.04415873,8.37E-45,1.76E-43,sig
FCN1,protein_coding,45609.69327,6.927003187,0.494301896,14.01370952,1.29E-44,2.69E-43,sig
ARMH2,protein_coding,34.66410726,6.917018975,0.523120546,13.22261001,6.5E-40,1.11E-38,sig
MS4A3,protein_coding,150.9081301,6.905260423,0.928289848,7.438690014,1.02E-13,4.22E-13,sig
CEBPE,protein_coding,931.9547096,6.904600767,0.425447678,16.22902445,3.14E-59,1.22E-57,sig
PGAP6,protein_coding,261219.7392,6.892634411,0.456209989,15.10846887,1.42E-51,4.09E-50,sig
AATK,protein_coding,27468.57804,6.872017232,0.499224428,13.76538656,4.12E-43,8.04E-42,sig
AHSP,protein_coding,868.1583393,6.861918369,0.892931311,7.684710219,1.53E-14,6.73E-14,sig
FUT7,protein_coding,5036.42001,6.859895443,0.299135827,22.93237662,2.21E-116,7.26E-114,sig
AXIN1,protein_coding,229244.6706,6.852428534,0.483581742,14.17015561,1.4E-45,3.07E-44,sig
PABPN1L,protein_coding,42.62760319,6.82427208,0.567686994,12.02118799,2.75E-33,3.48E-32,sig
PEAK3,protein_coding,2678.007972,6.814008966,0.364100386,18.7146436,3.76E-78,3.15E-76,sig
KIR2DL3,protein_coding,73.39956537,6.795142523,0.968150567,7.018683619,2.24E-12,8.51E-12,sig
LYL1,protein_coding,20078.03264,6.779998003,0.395144376,17.15828041,5.45E-66,2.79E-64,sig
CHTF18,protein_coding,186135.366,6.751559728,0.549122329,12.29518336,9.61E-35,1.31E-33,sig
RPUSD1,protein_coding,130014.6405,6.747708966,0.534336422,12.62820329,1.48E-36,2.18E-35,sig
VSTM2B,protein_coding,28.73053972,6.745110689,1.015408477,6.642755936,3.08E-11,1.08E-10,sig
PIGQ,protein_coding,180881.2565,6.743000553,0.533367287,12.64232118,1.23E-36,1.82E-35,sig
MCRIP2,protein_coding,75072.18272,6.737204583,0.588235515,11.45324349,2.27E-30,2.46E-29,sig
ICAM3,protein_coding,93441.68455,6.726933718,0.317038766,21.21801634,6.51E-100,1.25E-97,sig
S1PR4,protein_coding,21022.1122,6.706536454,0.387864751,17.29091502,5.51E-67,2.99E-65,sig
DYTN,protein_coding,11.59384101,6.66247809,0.933968917,7.133511589,9.78E-13,3.8E-12,sig
LILRA1,protein_coding,6012.739489,6.655609122,0.502392122,13.24783735,4.64E-40,7.97E-39,sig
TBX21,protein_coding,6981.905873,6.631230595,0.392210973,16.90730511,3.97E-64,1.9E-62,sig
CHRNA2,protein_coding,46.57509731,6.627895256,0.657760738,10.07645314,7.02E-24,5.36E-23,sig
REM2,protein_coding,2559.966305,6.616513402,0.234619133,28.20108191,5.67E-175,1.4E-171,sig
DPEP3,protein_coding,632.6644176,6.611550358,0.614958691,10.75121053,5.85E-27,5.31E-26,sig
RASGRP2,protein_coding,26687.33258,6.596385911,0.406193038,16.23953463,2.65E-59,1.04E-57,sig
CXCR2,protein_coding,61765.65618,6.586100095,0.539320184,12.2118554,2.69E-34,3.59E-33,sig
ZNF467,protein_coding,16030.06016,6.569863417,0.384371662,17.092476,1.69E-65,8.52E-64,sig
ADGRE3,protein_coding,5661.336749,6.569354993,0.529945117,12.39629309,2.74E-35,3.85E-34,sig
XIRP2,protein_coding,12.26617365,6.565541582,1.132253708,5.798648781,6.69E-09,1.99E-08,sig
TMPRSS9,protein_coding,1242.47089,6.558903716,0.547529253,11.97909278,4.57E-33,5.72E-32,sig
TREML4,protein_coding,194.2834481,6.557907378,0.949018437,6.910200186,4.84E-12,1.79E-11,sig
MEFV,protein_coding,15607.35132,6.557270702,0.474166057,13.82905969,1.7E-43,3.37E-42,sig
RLN3,protein_coding,22.38830226,6.541513512,0.841944133,7.769533936,7.88E-15,3.52E-14,sig
CIAO3,protein_coding,131482.848,6.532953326,0.543749814,12.01463091,2.98E-33,3.75E-32,sig
GZMM,protein_coding,8395.86895,6.527901989,0.369279435,17.6774046,6.26E-70,3.86E-68,sig
LCN8,protein_coding,19.75554081,6.517770683,1.150437141,5.665473107,1.47E-08,4.24E-08,sig
RASGRP4,protein_coding,12476.92668,6.498307144,0.376746706,17.24847767,1.15E-66,6.14E-65,sig
FKBP8,protein_coding,571921.7448,6.490653826,0.325268465,19.95475898,1.36E-88,1.74E-86,sig
KIR3DL1,protein_coding,92.01585273,6.447343849,0.681003135,9.46742169,2.87E-21,1.91E-20,sig
PROK2,protein_coding,5761.12261,6.447140513,0.722705024,8.920846403,4.63E-19,2.7E-18,sig
KIR2DL5B,protein_coding,13.67533572,6.443471808,1.1505244,5.600465152,2.14E-08,6.11E-08,sig
TREML2,protein_coding,4918.368162,6.421452525,0.416570536,15.41504251,1.3E-53,4.06E-52,sig
CLDND2,protein_coding,1646.827836,6.416260471,0.274313119,23.39027934,5.37E-121,2.1E-118,sig
TSPAN32,protein_coding,3939.796147,6.41509089,0.364831978,17.58368585,3.29E-69,1.97E-67,sig
NTNG2,protein_coding,4894.330322,6.413638772,0.424434039,15.11103771,1.37E-51,3.94E-50,sig
MYO1F,protein_coding,112569.6015,6.41093831,0.351629052,18.23210645,2.87E-74,2.11E-72,sig
PDE6H,protein_coding,8.537159756,6.383534668,1.076874906,5.927833061,3.07E-09,9.36E-09,sig
NFAM1,protein_coding,52308.57154,6.380234704,0.379509393,16.81179655,2E-63,9.24E-62,sig
NCF1,protein_coding,33537.41624,6.373828728,0.405064267,15.73535175,8.66E-56,2.97E-54,sig
SPI1,protein_coding,90863.27261,6.37057794,0.323129466,19.7152492,1.6E-86,1.88E-84,sig
EZHIP,protein_coding,34.70681953,6.352007061,0.573460923,11.07661708,1.63E-28,1.61E-27,sig
TMEM272,protein_coding,507.789494,6.343046746,0.429536106,14.76720271,2.38E-49,6.2E-48,sig
MGAM,protein_coding,10533.32687,6.339702285,0.744572636,8.514551806,1.67E-17,8.86E-17,sig
GYPC,protein_coding,53695.73494,6.337524124,0.435405451,14.55545425,5.39E-48,1.31E-46,sig
RUNDC3A,protein_coding,2690.043837,6.330046244,0.445008135,14.22456297,6.45E-46,1.43E-44,sig
PRAM1,protein_coding,7161.401743,6.316749826,0.288655242,21.88337128,3.74E-106,8.86E-104,sig
NME4,protein_coding,119319.5044,6.296453001,0.631140907,9.976303127,1.94E-23,1.44E-22,sig
RAB40C,protein_coding,168794.2236,6.295285012,0.540070384,11.6564159,2.13E-31,2.44E-30,sig
CD300LB,protein_coding,3408.742973,6.283946402,0.408491355,15.38330327,2.12E-53,6.56E-52,sig
CACNG8,protein_coding,193.0058754,6.276746755,0.490776482,12.78942041,1.88E-37,2.87E-36,sig
FCRL1,protein_coding,1241.819028,6.247209359,0.540013183,11.56862379,5.94E-31,6.65E-30,sig
HEMGN,protein_coding,226.6851292,6.240380232,0.706359394,8.834568194,1E-18,5.74E-18,sig
ALPL,protein_coding,39110.25157,6.232852048,0.511731673,12.17992236,3.98E-34,5.27E-33,sig
CACNA1I,protein_coding,2128.642563,6.205662757,0.401497368,15.45629748,6.84E-54,2.17E-52,sig
KRTAP4-12,protein_coding,4.471255178,6.195984311,1.152065812,5.378151359,7.53E-08,0.000000206,sig
C10orf105,protein_coding,1978.24639,6.180724666,0.307445332,20.10349167,6.88E-90,9.52E-88,sig
PTCRA,protein_coding,479.3429665,6.143633832,0.418971255,14.66361655,1.1E-48,2.77E-47,sig
DEFA1,protein_coding,2577.82053,6.13844614,1.09344374,5.613865548,1.98E-08,5.67E-08,sig
PTPRCAP,protein_coding,15733.77244,6.135898088,0.500095666,12.26944863,1.32E-34,1.79E-33,sig
CEACAM4,protein_coding,2741.831941,6.125523516,0.502897528,12.18046059,3.95E-34,5.23E-33,sig
TREML1,protein_coding,1435.143761,6.106091729,0.41587525,14.6825081,8.34E-49,2.11E-47,sig
VSTM1,protein_coding,416.0309625,6.103920339,0.89607734,6.811823119,9.64E-12,3.5E-11,sig
CLC,protein_coding,1503.942736,6.103421699,0.590116498,10.34274033,4.51E-25,3.69E-24,sig
LGALS12,protein_coding,436.5102077,6.07598495,0.462184597,13.14622986,1.79E-39,2.97E-38,sig
PDZD4,protein_coding,6247.696083,6.073217638,0.373131714,16.27633732,1.45E-59,5.74E-58,sig
GPBAR1,protein_coding,1483.03279,6.05369666,0.340082815,17.80065441,6.98E-71,4.5E-69,sig
CACNG6,protein_coding,252.2997161,6.051059991,0.803355192,7.532234873,4.99E-14,2.11E-13,sig
CA1,protein_coding,696.2873648,6.041306094,1.109929983,5.442961435,5.24E-08,0.000000145,sig
ARHGAP45,protein_coding,133990.8541,6.037063231,0.294750236,20.48196236,3.12E-93,4.92E-91,sig
B3GAT1,protein_coding,1854.976428,6.02074135,0.474115247,12.69889839,6E-37,8.98E-36,sig
C16orf54,protein_coding,15521.46158,5.995728709,0.403342652,14.86509963,5.55E-50,1.49E-48,sig
TAS2R40,protein_coding,64.29309264,5.979399038,0.559116364,10.69437316,1.08E-26,9.7E-26,sig
FGR,protein_coding,35268.55204,5.972105565,0.304292833,19.62617888,9.24E-86,1.04E-83,sig
TMIGD2,protein_coding,1289.767265,5.963810243,0.317553947,18.78046329,1.09E-78,9.57E-77,sig
SELL,protein_coding,46879.76955,5.961658105,0.511151051,11.66320228,1.97E-31,2.27E-30,sig
PPBP,protein_coding,1802.688848,5.929410233,0.56379693,10.51692537,7.22E-26,6.19E-25,sig
TRIM58,protein_coding,7390.598977,5.927110296,0.770634925,7.691203843,1.46E-14,6.4E-14,sig
AQP10,protein_coding,238.4143936,5.925461496,0.503020844,11.7797534,4.96E-32,5.9E-31,sig
FAM234A,protein_coding,218779.4038,5.90235512,0.541994501,10.89006458,1.29E-27,1.21E-26,sig
PTGDR2,protein_coding,949.7391994,5.897119339,0.577901377,10.20436977,1.9E-24,1.5E-23,sig
CD7,protein_coding,20426.43487,5.890179679,0.321047039,18.34678088,3.5E-75,2.66E-73,sig
MNDA,protein_coding,35158.60196,5.889996182,0.336885642,17.48366641,1.91E-68,1.09E-66,sig
RTP5,protein_coding,215.6089035,5.879878758,0.967330956,6.078456105,1.21E-09,3.81E-09,sig
MADCAM1,protein_coding,495.4514629,5.875662205,0.582175826,10.09259048,5.96E-24,4.57E-23,sig
BTBD17,protein_coding,52.5362593,5.868334046,1.123367378,5.223877923,0.000000175,0.000000466,sig
FCGR3B,protein_coding,88662.46363,5.847199093,0.481899914,12.13363797,7.01E-34,9.12E-33,sig
MFSD2B,protein_coding,449.1042338,5.843933729,0.421362115,13.86914847,9.74E-44,1.95E-42,sig
MYO1G,protein_coding,29712.70228,5.836147138,0.265404041,21.98966949,3.62E-107,9E-105,sig
ZDHHC19,protein_coding,158.7877237,5.83314671,0.597654606,9.760063169,1.67E-22,1.18E-21,sig
PRF1,protein_coding,25806.65469,5.82468619,0.340516462,17.10544668,1.35E-65,6.84E-64,sig
RAB37,protein_coding,8533.284132,5.820266698,0.393105219,14.80587491,1.34E-49,3.53E-48,sig
FAM153B,protein_coding,130.2105211,5.820177879,0.892911168,6.518204821,7.12E-11,2.43E-10,sig
GPR27,protein_coding,4153.555174,5.818340551,0.457910862,12.70627327,5.46E-37,8.19E-36,sig
FMNL1,protein_coding,92987.29558,5.812667304,0.361041912,16.0997023,2.56E-58,9.67E-57,sig
CLEC1B,protein_coding,78.98954566,5.811175757,0.568013922,10.23069248,1.44E-24,1.15E-23,sig
LRRC25,protein_coding,19633.14383,5.809060226,0.361727871,16.05919999,4.93E-58,1.84E-56,sig
FCRL6,protein_coding,3270.357532,5.79567074,0.458253955,12.64729016,1.16E-36,1.72E-35,sig
CAMP,protein_coding,352.4580002,5.782569447,0.708164586,8.165572755,3.2E-16,1.57E-15,sig
FPR2,protein_coding,9037.031858,5.775137677,0.581962417,9.923557784,3.29E-23,2.43E-22,sig
CHST13,protein_coding,1192.747556,5.769961452,0.464368164,12.42540273,1.9E-35,2.69E-34,sig
CX3CR1,protein_coding,7724.030983,5.764599775,0.347905496,16.56944154,1.16E-61,4.89E-60,sig
KCNH7,protein_coding,95.96089919,5.750810522,0.659147045,8.724624602,2.67E-18,1.49E-17,sig
RHOT2,protein_coding,180206.9004,5.744961432,0.431858126,13.30289066,2.23E-40,3.9E-39,sig
WAS,protein_coding,29443.53246,5.738040351,0.346235771,16.57263875,1.1E-61,4.64E-60,sig
FRAT1,protein_coding,13163.35152,5.731965783,0.204028624,28.09392955,1.16E-173,2.6E-170,sig
ADGRG3,protein_coding,9667.46937,5.725729882,0.567448179,10.09031326,6.1E-24,4.67E-23,sig
SLC11A1,protein_coding,24279.37653,5.724686039,0.329369493,17.38074155,1.15E-67,6.51E-66,sig
OR52K1,protein_coding,12.19939469,5.719531299,0.650773444,8.788820984,1.51E-18,8.56E-18,sig
C5AR2,protein_coding,8324.365794,5.707727183,0.471001283,12.11828371,8.45E-34,1.1E-32,sig
RIPOR2,protein_coding,35475.19893,5.705862121,0.436899257,13.05990345,5.58E-39,9.07E-38,sig
MRPL28,protein_coding,93771.33912,5.703986406,0.514854558,11.07883055,1.59E-28,1.57E-27,sig
TBC1D10C,protein_coding,27568.61067,5.701962452,0.354834902,16.06933934,4.19E-58,1.57E-56,sig
VNN2,protein_coding,21290.58569,5.70116548,0.488204247,11.67782853,1.65E-31,1.92E-30,sig
CLEC12B,protein_coding,159.714144,5.679329276,0.63580817,8.932457216,4.17E-19,2.44E-18,sig
FFAR2,protein_coding,16766.98417,5.657318928,0.494576268,11.43871895,2.68E-30,2.9E-29,sig
APOBR,protein_coding,28242.73116,5.651016354,0.30837386,18.325212,5.21E-75,3.95E-73,sig
METTL26,protein_coding,59578.86173,5.619820392,0.522557902,10.75444535,5.65E-27,5.13E-26,sig
CCR3,protein_coding,1299.226959,5.619407344,0.666379521,8.432743156,3.38E-17,1.76E-16,sig
DOK3,protein_coding,28970.94536,5.589146475,0.342374129,16.32467525,6.59E-60,2.63E-58,sig
TTC16,protein_coding,868.0475317,5.581383359,0.399310893,13.97753844,2.14E-44,4.42E-43,sig
TMC8,protein_coding,44577.59505,5.576246753,0.325655227,17.12316059,9.97E-66,5.06E-64,sig
TSPEAR,protein_coding,127.9575034,5.570475888,0.68093486,8.180629628,2.82E-16,1.39E-15,sig
LTB,protein_coding,22551.97161,5.570320064,0.333978219,16.67869263,1.87E-62,8.28E-61,sig
SLC14A1,protein_coding,783.3639956,5.565057872,0.330945511,16.81563182,1.87E-63,8.71E-62,sig
TDRD15,protein_coding,20.79102816,5.560926127,1.026823891,5.41565713,6.11E-08,0.000000168,sig
C5AR1,protein_coding,28174.15987,5.559904818,0.380107236,14.62720069,1.88E-48,4.71E-47,sig
F8A2,protein_coding,611.8448087,5.548053428,0.293348166,18.91286217,8.94E-80,8.31E-78,sig
LINC02218,protein_coding,28.64808653,5.546870413,0.757373275,7.323826432,2.41E-13,9.77E-13,sig
BPI,protein_coding,500.7175552,5.544391706,0.877844593,6.315914854,2.69E-10,8.83E-10,sig
ZAP70,protein_coding,21029.43605,5.543593157,0.411329042,13.47727146,2.13E-41,3.89E-40,sig
C19orf38,protein_coding,4846.556981,5.537528933,0.27618678,20.04994208,2.02E-89,2.72E-87,sig
KLRD1,protein_coding,5261.274756,5.522048184,0.373398828,14.78860611,1.74E-49,4.54E-48,sig
RAB44,protein_coding,1222.305253,5.518129503,0.366590035,15.05259,3.32E-51,9.41E-50,sig
CEACAM3,protein_coding,3647.202043,5.496225873,0.466269797,11.7876515,4.52E-32,5.38E-31,sig
JAML,protein_coding,25096.16073,5.490457269,0.359791648,15.26010208,1.41E-52,4.26E-51,sig
CEACAM8,protein_coding,167.1192964,5.485981715,0.689932801,7.951472527,1.84E-15,8.56E-15,sig
CARNS1,protein_coding,2452.278445,5.479110555,0.292472311,18.73377529,2.63E-78,2.27E-76,sig
HK3,protein_coding,12697.01294,5.478463842,0.388140249,14.1146502,3.09E-45,6.67E-44,sig
LILRB3,protein_coding,18512.81522,5.470171964,0.461227906,11.86001952,1.91E-32,2.32E-31,sig
CSF2RB,protein_coding,59167.39481,5.453122054,0.365627904,14.9144034,2.66E-50,7.25E-49,sig
SSTR3,protein_coding,491.9269245,5.448114089,0.502546578,10.8410132,2.2E-27,2.04E-26,sig
BTNL3,protein_coding,256.5020996,5.441565625,0.948077781,5.73957721,9.49E-09,2.79E-08,sig
ABTB1,protein_coding,52842.49363,5.440245118,0.216137789,25.17026356,8.48E-140,6.96E-137,sig
FAM153A,protein_coding,536.6637217,5.437794083,0.596191738,9.12088132,7.45E-20,4.56E-19,sig
DRD4,protein_coding,344.4538621,5.431466805,0.731285845,7.427282839,1.11E-13,4.59E-13,sig
CD37,protein_coding,23793.80861,5.431144904,0.332408469,16.33876815,5.23E-60,2.1E-58,sig
AQP9,protein_coding,24333.80918,5.428763964,0.487122384,11.14455861,7.61E-29,7.68E-28,sig
OR52K2,protein_coding,9.850913326,5.425485813,0.858246897,6.321590948,2.59E-10,8.52E-10,sig
LRFN1,protein_coding,5980.114474,5.419622622,0.481801035,11.24867369,2.35E-29,2.43E-28,sig
JMJD8,protein_coding,101016.2887,5.402990512,0.484704723,11.1469731,7.41E-29,7.49E-28,sig
DOK2,protein_coding,18172.55979,5.38972282,0.339820778,15.86048637,1.19E-56,4.25E-55,sig
SIGLEC5,protein_coding,5289.32532,5.381635415,0.434006951,12.39988299,2.62E-35,3.69E-34,sig
HPCAL4,protein_coding,465.142006,5.373711853,0.370755444,14.49395266,1.32E-47,3.16E-46,sig
SIRPD,protein_coding,140.4107894,5.365999498,0.669621887,8.013476868,1.12E-15,5.26E-15,sig
SPX,protein_coding,58.67583189,5.363191438,0.886235611,6.051654179,1.43E-09,4.48E-09,sig
NMUR1,protein_coding,1672.435287,5.337346188,0.58380419,9.14235677,6.11E-20,3.75E-19,sig
FGD3,protein_coding,28159.09966,5.333433635,0.306166018,17.42007054,5.81E-68,3.29E-66,sig
ARHGAP9,protein_coding,27377.93223,5.324485549,0.345868892,15.39451992,1.78E-53,5.54E-52,sig
KIR3DL2,protein_coding,81.9104794,5.322448329,0.71236109,7.471559583,7.92E-14,3.32E-13,sig
CNR2,protein_coding,613.4961614,5.308430973,0.554390913,9.575248888,1.02E-21,6.92E-21,sig
TMEM121B,protein_coding,1599.22464,5.305192868,0.347387682,15.27167813,1.18E-52,3.58E-51,sig
GMIP,protein_coding,44136.90826,5.303232294,0.212669851,24.93645562,3E-137,2.11E-134,sig
KIR2DS5,protein_coding,14.67653957,5.292892367,0.96902812,5.46206272,4.71E-08,0.000000131,sig
MAST3,protein_coding,23685.08695,5.291068355,0.25976439,20.36872092,3.17E-92,4.82E-90,sig
CROCC2,protein_coding,466.6880079,5.289670481,0.974014249,5.430793734,5.61E-08,0.000000155,sig
LRRK2,protein_coding,15304.65478,5.27942246,0.419556651,12.58333636,2.61E-36,3.81E-35,sig
PERCC1,protein_coding,72.1153675,5.277551021,0.780415057,6.762492563,1.36E-11,4.88E-11,sig
FPR1,protein_coding,30881.90668,5.274518191,0.493854465,10.68030879,1.26E-26,1.12E-25,sig
SELPLG,protein_coding,50124.69408,5.27235861,0.351605283,14.99510635,7.9E-51,2.2E-49,sig
PIK3R5,protein_coding,21767.74,5.27000582,0.328806931,16.0276604,8.19E-58,3.04E-56,sig
OR2B11,protein_coding,7.893406618,5.265051175,0.888405544,5.926405132,3.1E-09,9.44E-09,sig
SH2D1B,protein_coding,1123.294684,5.26160599,0.365900823,14.37986924,6.92E-47,1.6E-45,sig
LILRB2,protein_coding,19706.56241,5.25970372,0.434746944,12.09831096,1.08E-33,1.39E-32,sig
ADGRE1,protein_coding,1998.785452,5.251787087,0.311654402,16.8513169,1.03E-63,4.83E-62,sig
FCAR,protein_coding,1531.659163,5.22656425,0.778735069,6.711607651,1.92E-11,6.84E-11,sig
CA4,protein_coding,613.4013199,5.22560604,0.698874784,7.477170676,7.59E-14,3.18E-13,sig
CLEC17A,protein_coding,682.912164,5.22059984,0.610478526,8.551651893,1.21E-17,6.49E-17,sig
MPIG6B,protein_coding,1337.455556,5.215331544,1.018869934,5.118741236,0.000000308,0.000000801,sig
FCMR,protein_coding,17005.55763,5.200651457,0.404722709,12.84991265,8.61E-38,1.33E-36,sig
CD22,protein_coding,5125.28949,5.194750167,0.517837011,10.03163169,1.11E-23,8.36E-23,sig
HRH4,protein_coding,236.6476816,5.190770429,0.640498504,8.104266276,5.31E-16,2.56E-15,sig
LILRA5,protein_coding,4705.889287,5.185140385,0.451571691,11.48243012,1.62E-30,1.76E-29,sig
CLEC12A,protein_coding,2660.261971,5.182025717,0.52324721,9.903589764,4.02E-23,2.95E-22,sig
CORO1A,protein_coding,94531.49859,5.169965912,0.300508752,17.20404443,2.48E-66,1.29E-64,sig
BLK,protein_coding,2021.952977,5.166120991,0.529331586,9.759706627,1.68E-22,1.19E-21,sig
MATK,protein_coding,6741.449824,5.165394233,0.448276289,11.52279154,1.01E-30,1.11E-29,sig
APBB1IP,protein_coding,16773.06568,5.164434502,0.350613517,14.72970734,4.16E-49,1.06E-47,sig
TAGAP,protein_coding,22103.62132,5.146075045,0.397332454,12.95155982,2.3E-38,3.64E-37,sig
PLIN4,protein_coding,3035.009727,5.140215752,0.431251997,11.91928569,9.39E-33,1.16E-31,sig
TRABD2A,protein_coding,1937.883187,5.13730139,0.548591421,9.364531035,7.64E-21,4.95E-20,sig
PIK3CD,protein_coding,47789.74562,5.137019347,0.244732176,20.99037175,8.03E-98,1.48E-95,sig
AIRE,protein_coding,264.4325288,5.121405769,0.554131213,9.242225749,2.41E-20,1.52E-19,sig
TXK,protein_coding,1194.510307,5.120071512,0.209394838,24.45175608,4.82E-132,2.76E-129,sig
NCR3,protein_coding,984.6603779,5.115829614,0.320458832,15.96407745,2.27E-57,8.31E-56,sig
FCHO1,protein_coding,11450.17768,5.095365525,0.383405137,13.28976855,2.65E-40,4.62E-39,sig
MPO,protein_coding,609.0167927,5.079166577,0.749387669,6.777755745,1.22E-11,4.41E-11,sig
ACTL9,protein_coding,5.808582577,5.077984684,0.981786137,5.17219025,0.000000231,0.000000609,sig
ZNF804A,protein_coding,439.7905188,5.073354692,0.350202203,14.48692969,1.47E-47,3.49E-46,sig
SEPTIN1,protein_coding,14526.48258,5.070275313,0.322575831,15.71808805,1.14E-55,3.88E-54,sig
CTSW,protein_coding,9740.100769,5.06394703,0.491204143,10.30925147,6.4E-25,5.19E-24,sig
FBXO40,protein_coding,12.15935273,5.051388777,0.956784093,5.279549288,0.00000013,0.000000348,sig
BTNL8,protein_coding,970.3009975,5.048087031,0.605482718,8.337293343,7.6E-17,3.86E-16,sig
KIR2DL1,protein_coding,60.66483399,5.04301924,0.709102163,7.11183734,1.15E-12,4.44E-12,sig
SNAI3,protein_coding,2104.225043,5.028861295,0.339224038,14.82460184,1.02E-49,2.69E-48,sig
LILRA6,protein_coding,4824.439738,5.023469262,0.441748466,11.37178655,5.78E-30,6.15E-29,sig
LIMD2,protein_coding,42924.07547,5.022625634,0.284019478,17.68408866,5.56E-70,3.43E-68,sig
AKNA,protein_coding,71579.71366,5.007336455,0.280171071,17.87242503,1.93E-71,1.27E-69,sig
LOXHD1,protein_coding,319.635242,5.001215846,0.520868621,9.601683887,7.86E-22,5.38E-21,sig
KRT17,protein_coding,158487.7039,-17.7872926,1.0459623,-17.00567276,7.45445E-65,3.70183E-63,sig
PKP1,protein_coding,36145.87717,-16.59113072,1.135407635,-14.61248825,2.3382E-48,5.81739E-47,sig
KRT6C,protein_coding,42345.85065,-16.44663052,1.181440377,-13.92082989,4.73375E-44,9.61229E-43,sig
KRT4,protein_coding,30220.92024,-15.96579506,1.348077168,-11.84338363,2.32865E-32,2.81852E-31,sig
SPRR1B,protein_coding,24474.40101,-15.76622951,1.304882404,-12.08249069,1.307E-33,1.6802E-32,sig
LGALS7B,protein_coding,20480.59227,-15.69692646,1.207453184,-13.00002903,1.22297E-38,1.95603E-37,sig
EMP2,protein_coding,12591.50624,-15.61735601,0.760335248,-20.54009208,9.43835E-94,1.52945E-91,sig
S100A2,protein_coding,37233.98836,-15.48485145,1.000497663,-15.47714904,4.94925E-54,1.57094E-52,sig
KRT14,protein_coding,101504.3024,-15.39989449,1.266437759,-12.16000896,5.07531E-34,6.67432E-33,sig
GJA1,protein_coding,9746.32248,-15.12059859,0.888288906,-17.02216306,5.62535E-65,2.81051E-63,sig
LY6D,protein_coding,16228.83882,-15.06560415,1.04112319,-14.4705298,1.86034E-47,4.42297E-46,sig
S100A14,protein_coding,23311.70567,-14.8663372,0.888313225,-16.7354676,7.22872E-63,3.261E-61,sig
LGALS7,protein_coding,10255.14134,-14.84957509,1.147243333,-12.94370135,2.5504E-38,4.02427E-37,sig
KRT6A,protein_coding,165644.0789,-14.83589648,1.067748071,-13.89456641,6.83361E-44,1.37515E-42,sig
CASP14,protein_coding,12995.58841,-14.79320809,1.37173679,-10.78429055,4.08382E-27,3.73796E-26,sig
S100A7,protein_coding,20128.08382,-14.71806167,1.245736447,-11.81474758,3.27531E-32,3.93149E-31,sig
SERPINB5,protein_coding,13171.98974,-14.67975246,0.884887096,-16.58940731,8.31367E-62,3.53059E-60,sig
GJB2,protein_coding,14253.33333,-14.61689235,1.002818628,-14.57580857,4.00354E-48,9.79258E-47,sig
CLDN1,protein_coding,14080.71812,-14.59920628,1.013788377,-14.40064475,5.1263E-47,1.1957E-45,sig
SPRR1A,protein_coding,9689.769049,-14.50538995,1.313088392,-11.04677342,2.27236E-28,2.2299E-27,sig
KRT16,protein_coding,61990.45498,-14.48836084,1.11359643,-13.01042321,1.06749E-38,1.7107E-37,sig
SPRR2E,protein_coding,10779.26616,-14.25620903,1.512423004,-9.42607259,4.25732E-21,2.8023E-20,sig
SPRR2A,protein_coding,7515.994669,-14.15567974,1.317976588,-10.74046373,6.57135E-27,5.95507E-26,sig
KRT19,protein_coding,47302.09142,-14.12689806,0.807057629,-17.50419989,1.33084E-68,7.65886E-67,sig
FBLIM1,protein_coding,3987.106261,-14.03132607,0.721701152,-19.442017,3.40512E-84,3.69478E-82,sig
KRT15,protein_coding,44372.12795,-14.01876396,1.058897468,-13.23901924,5.22264E-40,8.94567E-39,sig
COL1A2,protein_coding,66895.1672,-13.96531736,0.798372897,-17.49222376,1.64222E-68,9.40688E-67,sig
FXYD3,protein_coding,25656.34018,-13.90825218,0.791962842,-17.5617484,4.83624E-69,2.87039E-67,sig
KRT13,protein_coding,152198.1709,-13.81604669,1.055968128,-13.08377243,4.07693E-39,6.68568E-38,sig
AGR2,protein_coding,20384.83413,-13.78161519,1.148455928,-12.00012543,3.54758E-33,4.46731E-32,sig
SPRR3,protein_coding,24225.60844,-13.77022515,1.464394732,-9.403356107,5.28499E-21,3.46301E-20,sig
S100A16,protein_coding,22477.85529,-13.57606916,0.736332642,-18.43741319,6.58155E-76,5.18929E-74,sig
APOC1,protein_coding,3575.618233,-13.54490158,1.042828014,-12.98862459,1.41955E-38,2.25872E-37,sig
COL3A1,protein_coding,108692.9368,-13.48528686,0.804644824,-16.75930355,4.84264E-63,2.20072E-61,sig
SERPINB3,protein_coding,25870.94363,-13.38015339,1.074992325,-12.44674318,1.45669E-35,2.07397E-34,sig
KLK5,protein_coding,4553.257691,-13.33711504,1.404008008,-9.499315509,2.11274E-21,1.41257E-20,sig
ANXA8L1,protein_coding,6329.67725,-13.31666733,0.995288696,-13.37970318,7.94641E-41,1.42141E-39,sig
KLK6,protein_coding,3207.296082,-13.1833006,1.203558561,-10.95360128,6.38572E-28,6.09639E-27,sig
BGN,protein_coding,15869.65439,-13.02739417,0.890963847,-14.62168664,2.04276E-48,5.09264E-47,sig
RHCG,protein_coding,17163.86989,-13.00885976,1.051832665,-12.36780353,3.9035E-35,5.45052E-34,sig
CHST3,protein_coding,1981.186209,-12.95035333,0.830844567,-15.58697481,8.92616E-55,2.90821E-53,sig
CALML5,protein_coding,2834.903343,-12.89151759,1.288600789,-10.00427572,1.45956E-23,1.09505E-22,sig
CXCL17,protein_coding,4929.130583,-12.82238846,1.066324846,-12.02484263,2.63089E-33,3.33169E-32,sig
KLK10,protein_coding,11469.52601,-12.75172171,1.088761914,-11.71213058,1.10468E-31,1.29322E-30,sig
FGFBP1,protein_coding,4522.799919,-12.66192842,1.159317326,-10.92188319,9.05976E-28,8.57613E-27,sig
TFAP2C,protein_coding,2209.19005,-12.57262779,0.794538621,-15.82380952,2.13193E-56,7.49097E-55,sig
KRT6B,protein_coding,38224.6996,-12.55562554,1.01542496,-12.36489749,4.04727E-35,5.63848E-34,sig
CALML3,protein_coding,21512.33154,-12.54705315,1.135042723,-11.05425628,2.09062E-28,2.05483E-27,sig
CPA4,protein_coding,2174.884478,-12.5454299,1.281232327,-9.79169011,1.22235E-22,8.72689E-22,sig
COL1A1,protein_coding,88114.44734,-12.53873989,0.677842087,-18.49802503,2.1418E-76,1.72401E-74,sig
THY1,protein_coding,4894.957515,-12.53061456,0.824794514,-15.19240773,3.97063E-52,1.17126E-50,sig
TM4SF1,protein_coding,14512.80948,-12.52378401,0.898220982,-13.94287626,3.47643E-44,7.11786E-43,sig
SERPINA3,protein_coding,5717.149842,-12.48267689,1.241982121,-10.05060916,9.13013E-24,6.93445E-23,sig
CCL18,protein_coding,1847.332837,-12.47991263,1.168633638,-10.67906333,1.27552E-26,1.13914E-25,sig
TRIM29,protein_coding,24491.41413,-12.47617385,0.779245732,-16.01057708,1.07805E-57,3.98701E-56,sig
DSC3,protein_coding,28831.37025,-12.32484799,1.126801506,-10.93790515,7.59342E-28,7.21301E-27,sig
WFDC2,protein_coding,15230.41935,-12.31697597,1.064571909,-11.56988632,5.85602E-31,6.55635E-30,sig
FBLN1,protein_coding,16619.48854,-12.2816722,0.809886142,-15.16468991,6.05844E-52,1.76807E-50,sig
PPIC,protein_coding,1926.933515,-12.1920527,0.668005486,-18.251426,2.01578E-74,1.4955E-72,sig
SPRR2B,protein_coding,2348.354513,-12.15399024,1.570893282,-7.736992941,1.01796E-14,4.52097E-14,sig
AQP5,protein_coding,1512.650013,-12.10168478,1.248516043,-9.692854849,3.23361E-22,2.25757E-21,sig
TMPRSS11E,protein_coding,1783.138858,-12.09711497,1.400184627,-8.639657036,5.6382E-18,3.07789E-17,sig
SOX9,protein_coding,1976.615461,-12.03206497,0.891410705,-13.49777931,1.61161E-41,2.96015E-40,sig
CXCL14,protein_coding,8042.991229,-12.01394517,0.924691371,-12.99238377,1.35151E-38,2.15324E-37,sig
MUC21,protein_coding,3160.813701,-12.00154934,1.333558309,-8.999643482,2.26452E-19,1.34858E-18,sig
SERPINB4,protein_coding,11815.58474,-11.99828037,1.135989565,-10.56196355,4.47208E-26,3.88132E-25,sig
GPRC5A,protein_coding,6488.399717,-11.98112003,0.760153586,-15.76144644,5.73062E-56,1.9769E-54,sig
MAL2,protein_coding,11570.60257,-11.90776755,0.636068367,-18.72089255,3.34499E-78,2.84105E-76,sig
C4A,protein_coding,1238.57781,-11.89490632,1.200216162,-9.910636682,3.74254E-23,2.75171E-22,sig
STIMATE,protein_coding,1012.366681,-11.88951,0.960682096,-12.37611282,3.51982E-35,4.92315E-34,sig
SRPX2,protein_coding,910.1281916,-11.88641207,0.798440771,-14.88703045,4.00151E-50,1.08072E-48,sig
DEFB1,protein_coding,974.2921155,-11.87293385,0.922662454,-12.8681229,6.80355E-38,1.05794E-36,sig
GPR87,protein_coding,2463.157974,-11.85270875,0.975147428,-12.15478645,5.4103E-34,7.08835E-33,sig
DCN,protein_coding,11982.51921,-11.82268439,0.726852289,-16.26559421,1.73179E-59,6.80314E-58,sig
SERPINB13,protein_coding,5689.099132,-11.80989143,1.184418,-9.97105028,2.04059E-23,1.51894E-22,sig
COL4A2,protein_coding,25719.04581,-11.79039838,0.683880184,-17.24044455,1.32018E-66,7.02317E-65,sig
CDSN,protein_coding,1412.821549,-11.77370389,1.409066046,-8.355679223,6.50573E-17,3.31765E-16,sig
MMP2,protein_coding,18135.10925,-11.77272436,0.752265734,-15.64968844,3.3385E-55,1.10972E-53,sig
SLURP2,protein_coding,967.1348719,-11.69307949,1.08699767,-10.7572259,5.47949E-27,4.98763E-26,sig
SPRR2D,protein_coding,6331.606371,-11.67146859,1.318169531,-8.854300088,8.42105E-19,4.83833E-18,sig
CRYAB,protein_coding,1462.463831,-11.63534653,0.868054214,-13.40393993,5.73367E-41,1.02934E-39,sig
ITGB6,protein_coding,3598.948218,-11.6323354,0.764387252,-15.21785635,2.69208E-52,8.04717E-51,sig
LCE3D,protein_coding,1959.230826,-11.59914162,1.721130204,-6.739258653,1.59197E-11,5.69524E-11,sig
IL20RA,protein_coding,734.2541045,-11.587473,0.794916073,-14.57697661,3.93564E-48,9.65526E-47,sig
GREM1,protein_coding,846.5575451,-11.57697972,1.024615344,-11.29885453,1.32941E-29,1.3922E-28,sig
KRT5,protein_coding,210520.878,-11.56591265,0.887615398,-13.03031998,8.22619E-39,1.32604E-37,sig
SLC44A4,protein_coding,3639.412314,-11.5364478,1.313832512,-8.780759873,1.62374E-18,9.1688E-18,sig
HSPB8,protein_coding,2504.914645,-11.52409698,0.956782823,-12.04463198,2.06998E-33,2.63765E-32,sig
PRRX1,protein_coding,3360.622503,-11.52303448,0.848796687,-13.57572979,5.57853E-42,1.04016E-40,sig
ASS1,protein_coding,9434.807888,-11.5069521,0.869482567,-13.23425281,5.56474E-40,9.50521E-39,sig
PRIMA1,protein_coding,798.9461239,-11.47830517,1.042646372,-11.00881898,3.46516E-28,3.36025E-27,sig
RAMP2,protein_coding,663.2657708,-11.4718581,0.758812083,-15.11818058,1.22891E-51,3.54442E-50,sig
VTCN1,protein_coding,849.8310284,-11.45647898,1.138992348,-10.05843367,8.43293E-24,6.42076E-23,sig
KLK8,protein_coding,1661.953925,-11.44540667,1.165104321,-9.823503754,8.91886E-23,6.41965E-22,sig
LY6K,protein_coding,1885.956511,-11.43232346,0.756705583,-15.1080205,1.43383E-51,4.11615E-50,sig
GRHL2,protein_coding,3422.096455,-11.40936764,0.596960177,-19.11244347,1.98932E-81,1.99183E-79,sig
AKR1B10,protein_coding,4869.111371,-11.40588496,1.010370745,-11.28881157,1.49038E-29,1.55681E-28,sig
LAD1,protein_coding,14128.0549,-11.40538268,0.577319865,-19.75574264,7.15948E-87,8.47814E-85,sig
KRT7,protein_coding,25349.02963,-11.40416779,0.85412814,-13.35182305,1.15585E-40,2.0541E-39,sig
C4B,protein_coding,877.938643,-11.40102162,1.221218935,-9.335772068,1.00258E-20,6.44597E-20,sig
IGFBP5,protein_coding,10337.49268,-11.39704837,0.867482775,-13.13806879,1.99247E-39,3.30037E-38,sig
DSG3,protein_coding,26542.73022,-11.33733305,1.001053312,-11.32540387,9.82251E-30,1.03747E-28,sig
CEACAM5,protein_coding,12713.70339,-11.29248294,0.977669706,-11.55040692,7.34717E-31,8.16644E-30,sig
OVOL1,protein_coding,2341.046812,-11.29083184,0.856636754,-13.18041958,1.13756E-39,1.90608E-38,sig
KLK7,protein_coding,6872.489016,-11.29026839,1.152517283,-9.796181417,1.16922E-22,8.3597E-22,sig
ANTXR1,protein_coding,8484.814704,-11.2892122,0.650529812,-17.35387371,1.84381E-67,1.02517E-65,sig
KRTDAP,protein_coding,948.8806956,-11.28884109,1.379834064,-8.181303378,2.8079E-16,1.37799E-15,sig
SHISAL1,protein_coding,722.2273422,-11.28033582,1.097701261,-10.27632583,9.0097E-25,7.23331E-24,sig
GPX8,protein_coding,1047.392336,-11.26282947,0.757737725,-14.86375707,5.66566E-50,1.52016E-48,sig
CKMT1A,protein_coding,2707.565006,-11.24821237,0.782376708,-14.37697755,7.21785E-47,1.67089E-45,sig
CX3CL1,protein_coding,2734.257611,-11.23875106,0.829060755,-13.55600419,7.30061E-42,1.35612E-40,sig
NPNT,protein_coding,3160.991889,-11.23443364,0.593000497,-18.94506614,4.84981E-80,4.61219E-78,sig
KLK13,protein_coding,6840.097338,-11.23283028,1.242966813,-9.037111983,1.60866E-19,9.66881E-19,sig
SBSN,protein_coding,4562.745047,-11.19657576,1.282493222,-8.730319633,2.53954E-18,1.42162E-17,sig
C1QTNF5,protein_coding,651.2806106,-11.19064086,1.048328244,-10.67474898,1.33618E-26,1.19158E-25,sig
MGP,protein_coding,8229.177193,-11.15511553,0.792807009,-14.07040477,5.7738E-45,1.23023E-43,sig
LUM,protein_coding,18010.98719,-11.13742176,0.991356866,-11.23452325,2.7598E-29,2.84183E-28,sig
RND3,protein_coding,3077.26316,-11.11339323,0.63284145,-17.56110196,4.89163E-69,2.89629E-67,sig
PRELP,protein_coding,1582.862165,-11.10664716,1.057901355,-10.49875502,8.75269E-26,7.45204E-25,sig
COL4A1,protein_coding,23627.76104,-11.08798356,0.645158542,-17.18644772,3.35467E-66,1.73956E-64,sig
CLCA2,protein_coding,10179.26864,-11.07480899,1.156807753,-9.57359506,1.03252E-21,7.02538E-21,sig
CFB,protein_coding,7884.941262,-11.05278805,0.887291996,-12.4567652,1.28477E-35,1.83557E-34,sig
KLK11,protein_coding,3559.764397,-11.00823854,1.019311587,-10.79967959,3.45407E-27,3.16979E-26,sig
MYH14,protein_coding,11630.03445,-11.00461833,0.638234408,-17.24228307,1.27885E-66,6.81804E-65,sig
OVOL2,protein_coding,461.2168326,-10.99256101,0.711338505,-15.45334737,7.16251E-54,2.26761E-52,sig
BARX2,protein_coding,2172.882245,-10.99235272,1.001058817,-10.98072614,4.73105E-28,4.55198E-27,sig
HSD17B2,protein_coding,588.1994958,-10.96580655,1.127913272,-9.722207214,2.42468E-22,1.70246E-21,sig
PDPN,protein_coding,2327.008506,-10.93724882,0.830078353,-13.17616436,1.20356E-39,2.01392E-38,sig
LAMC2,protein_coding,7896.336763,-10.93525405,0.706233278,-15.48391218,4.45535E-54,1.41966E-52,sig
SERPINB7,protein_coding,876.5204138,-10.93430097,1.143587375,-9.561404057,1.1617E-21,7.87608E-21,sig
EGFR,protein_coding,6532.230638,-10.93097862,0.690570093,-15.82891981,1.96567E-56,6.91662E-55,sig
APOC2,protein_coding,530.3079334,-10.92801455,1.027679651,-10.63367805,2.07754E-26,1.8328E-25,sig
LRATD1,protein_coding,3805.903065,-10.85642776,0.786667835,-13.80052327,2.53009E-43,4.9696E-42,sig
EDN2,protein_coding,476.60782,-10.85585309,0.946815567,-11.46564703,1.96287E-30,2.13738E-29,sig
KRT75,protein_coding,942.2597209,-10.85437283,1.284011732,-8.453484154,2.82736E-17,1.477E-16,sig
SPRR2F,protein_coding,710.9758482,-10.85396542,1.414629001,-7.672658639,1.68467E-14,7.37037E-14,sig
SDC1,protein_coding,36917.54071,-10.83262903,0.465514574,-23.27022534,8.8792E-120,3.3137E-117,sig
RBP1,protein_coding,4689.884631,-10.82988355,0.756110761,-14.32314432,1.56862E-46,3.57748E-45,sig
C10orf99,protein_coding,1393.948788,-10.82345194,1.564020389,-6.920275478,4.50766E-12,1.67489E-11,sig
NECTIN4,protein_coding,5853.32962,-10.81489342,0.72643307,-14.88766669,3.96362E-50,1.07166E-48,sig
ANXA8,protein_coding,7340.916687,-10.81371787,0.851583465,-12.69836524,6.03778E-37,9.04051E-36,sig
MMP12,protein_coding,2289.785352,-10.7752279,0.86437965,-12.46585098,1.14641E-35,1.64075E-34,sig
IL36RN,protein_coding,618.7675618,-10.76062815,1.350057622,-7.970495462,1.58039E-15,7.36411E-15,sig
CLDN4,protein_coding,10522.34444,-10.75653684,0.462337309,-23.26556097,9.8991E-120,3.6392E-117,sig
EHF,protein_coding,15861.99586,-10.75116342,0.614038805,-17.50893157,1.22471E-68,7.06461E-67,sig
DIO2,protein_coding,4739.677377,-10.74968498,0.79376322,-13.54268466,8.75305E-42,1.62103E-40,sig
MMP7,protein_coding,3010.808473,-10.71220275,0.947048172,-11.31114875,1.15566E-29,1.21387E-28,sig
IVL,protein_coding,6702.439964,-10.67943839,1.192250997,-8.957374257,3.32502E-19,1.95602E-18,sig
NUPR1,protein_coding,3661.355999,-10.67794996,0.61939023,-17.23945494,1.34297E-66,7.12903E-65,sig
MLPH,protein_coding,2508.794733,-10.66799511,0.816650278,-13.06311331,5.34945E-39,8.7202E-38,sig
GNG12,protein_coding,5605.811318,-10.66431796,0.656424968,-16.24605778,2.38197E-59,9.32756E-58,sig
CDH11,protein_coding,3311.567669,-10.64826381,0.922189903,-11.5467148,7.66964E-31,8.51717E-30,sig
HES2,protein_coding,3219.094185,-10.63724904,0.977097858,-10.88657492,1.3357E-27,1.25379E-26,sig
SPARCL1,protein_coding,7351.643452,-10.63658366,0.641020087,-16.59321429,7.80302E-62,3.31945E-60,sig
BMP7,protein_coding,2645.117539,-10.62550109,0.865683309,-12.27412031,1.2474E-34,1.69282E-33,sig
PGLYRP3,protein_coding,575.8673344,-10.59786759,1.398216378,-7.579561904,3.46724E-14,1.48499E-13,sig
GRHL3,protein_coding,3256.547132,-10.58397726,0.910745662,-11.62122171,3.21506E-31,3.64092E-30,sig
HOXD11,protein_coding,381.2857025,-10.58356908,0.902091607,-11.73225535,8.71063E-32,1.02558E-30,sig
SCARA3,protein_coding,1630.364243,-10.5366029,0.747673943,-14.09251051,4.22278E-45,9.08396E-44,sig
DAPL1,protein_coding,420.4711924,-10.53298768,1.102659659,-9.55234699,1.26791E-21,8.56551E-21,sig
MMP10,protein_coding,696.9631559,-10.52927207,1.221748654,-8.61819822,6.80159E-18,3.69009E-17,sig
F3,protein_coding,4235.841114,-10.52694117,0.743737938,-14.15410004,1.76179E-45,3.83683E-44,sig
TMPRSS11D,protein_coding,3575.559488,-10.51858862,1.265010949,-8.315017849,9.17385E-17,4.6332E-16,sig
ESRP1,protein_coding,5339.611584,-10.50452674,0.639599382,-16.42360365,1.29634E-60,5.2777E-59,sig
GABRP,protein_coding,4297.063473,-10.48246028,1.06549657,-9.838098573,7.71552E-23,5.57468E-22,sig
SNAI2,protein_coding,1489.016154,-10.47676411,0.651265876,-16.08676961,3.15895E-58,1.18791E-56,sig
ADGRF1,protein_coding,1407.50996,-10.45951117,0.961463616,-10.8787384,1.45564E-27,1.36119E-26,sig
CLDN3,protein_coding,1489.346376,-10.45077614,1.094973409,-9.544319575,1.37004E-21,9.23521E-21,sig
SULF1,protein_coding,7733.282255,-10.43687951,0.873297377,-11.95111744,6.40581E-33,7.96876E-32,sig
C19orf33,protein_coding,4459.984513,-10.43566917,0.866040275,-12.0498659,1.94266E-33,2.47925E-32,sig
EPCAM,protein_coding,6305.365893,-10.41041742,0.659563421,-15.78380044,4.02223E-56,1.4013E-54,sig
KRT8,protein_coding,18081.14651,-10.39965014,0.680328494,-15.28621869,9.44789E-53,2.86943E-51,sig
KRT80,protein_coding,10942.95271,-10.37643182,0.708011917,-14.65573046,1.23818E-48,3.10883E-47,sig
SFN,protein_coding,54115.58606,-10.3758182,0.553844335,-18.73417773,2.60637E-78,2.26048E-76,sig
POSTN,protein_coding,3733.155672,-10.37219898,0.944690012,-10.97947353,4.79711E-28,4.61193E-27,sig
YAP1,protein_coding,6186.176029,-10.3638334,0.620155157,-16.71167819,1.0776E-62,4.80839E-61,sig
TCIM,protein_coding,1611.749453,-10.35358014,0.887409742,-11.66719234,1.8751E-31,2.16427E-30,sig
SEMA3F,protein_coding,6801.040446,-10.30517388,0.579289256,-17.78934058,8.54799E-71,5.48296E-69,sig
TMPRSS2,protein_coding,1855.556999,-10.2938501,0.90944701,-11.31880142,1.0591E-29,1.11529E-28,sig
ALDH1A3,protein_coding,3875.107848,-10.28737258,0.89554768,-11.48724161,1.52917E-30,1.67029E-29,sig
AKR1C2,protein_coding,2840.568989,-10.28484991,0.879761995,-11.69049126,1.4256E-31,1.65866E-30,sig
SCEL,protein_coding,2993.958738,-10.28046831,0.930143293,-11.05256404,2.13042E-28,2.09311E-27,sig
HOXB13,protein_coding,439.5205589,-10.26852407,1.37639233,-7.460463015,8.6219E-14,3.59698E-13,sig
CBLC,protein_coding,1370.565665,-10.24163868,0.664012246,-15.42387018,1.13117E-53,3.55382E-52,sig
TJP1,protein_coding,5395.81522,-10.21870373,0.650977096,-15.69748581,1.57356E-55,5.31664E-54,sig
NMU,protein_coding,1184.184708,-10.20191389,0.834420106,-12.22635195,2.2481E-34,3.0176E-33,sig
CXCL12,protein_coding,1373.307906,-10.188922,0.914799318,-11.13787669,8.20523E-29,8.27274E-28,sig
GABRE,protein_coding,2203.727402,-10.18762966,0.698522381,-14.58454294,3.52273E-48,8.68553E-47,sig
MMP3,protein_coding,1169.486847,-10.18621537,1.140308309,-8.932860775,4.15132E-19,2.42704E-18,sig
C11orf52,protein_coding,271.0314119,-10.17796776,0.807565348,-12.60327451,2.02557E-36,2.97507E-35,sig
SOX2,protein_coding,2807.247701,-10.15995158,1.000604526,-10.15381334,3.18663E-24,2.4815E-23,sig
RASSF9,protein_coding,276.4243126,-10.15484748,0.87647531,-11.58600518,4.85241E-31,5.45005E-30,sig
SFRP4,protein_coding,5652.010336,-10.14244737,1.146770595,-8.844355983,9.20577E-19,5.27442E-18,sig
FN1,protein_coding,29008.25403,-10.13952495,0.615833008,-16.46473122,6.57541E-61,2.722E-59,sig
RHOV,protein_coding,3496.863483,-10.13413965,0.777569576,-13.03309692,7.93215E-39,1.28116E-37,sig
CCL21,protein_coding,319.9264632,-10.12978035,1.130696049,-8.958888959,3.27966E-19,1.93072E-18,sig
CPE,protein_coding,2161.061979,-10.10833421,0.802904586,-12.58970789,2.40562E-36,3.52695E-35,sig
TSPAN1,protein_coding,4966.174899,-10.08882664,0.850277015,-11.86534089,1.79171E-32,2.17934E-31,sig
NR2F1,protein_coding,643.7532972,-10.08837963,0.994125151,-10.14799759,3.38232E-24,2.62973E-23,sig
WNT5A,protein_coding,2609.810247,-10.06109801,0.616939995,-16.30806578,8.64883E-60,3.44151E-58,sig
PLS3,protein_coding,11251.37734,-10.0542416,0.358072702,-28.07877157,1.7797E-173,3.653E-170,sig
CDH3,protein_coding,10583.62789,-10.03528012,0.660467159,-15.19421517,3.86262E-52,1.14077E-50,sig
MALL,protein_coding,4189.680596,-10.023982,0.635428789,-15.77514613,4.61329E-56,1.60268E-54,sig
TACSTD2,protein_coding,43948.09792,-10.01685179,0.673182044,-14.87985586,4.45458E-50,1.20045E-48,sig
ISLR,protein_coding,3764.727496,-10.01461559,0.987824924,-10.13804708,3.74512E-24,2.90173E-23,sig
CCL13,protein_coding,279.1772711,-10.00967488,1.062801313,-9.418199579,4.58889E-21,3.01497E-20,sig
TEAD1,protein_coding,2676.489591,-10.00944135,0.497139605,-20.13406547,3.7125E-90,5.16625E-88,sig
UGT1A6,protein_coding,764.2137539,-10.00146821,1.130954273,-8.843388674,9.28585E-19,5.31783E-18,sig
